名称,大类,中类,小类,地址,省,市,区,WGS84_X,WGS84_Y
唯享影音,体育休闲服务,影剧院,电影院,公明街道长春北路202号永辉大厦2层,广东省,深圳市,宝安区,113.8910612,22.79166171
碧头电影院(碧头路店),体育休闲服务,影剧院,电影院,松岗镇,广东省,深圳市,宝安区,113.8095917,22.78451121
期遇・UUE巨幕影城(合水口店),体育休闲服务,影剧院,电影院,马田北路新天地购物广场3层,广东省,深圳市,宝安区,113.8756271,22.79021041
中影UUE巨幕影城,体育休闲服务,影剧院,电影院,光明办事处光明新区公明街道合水口新天地购物广场(原亿佰家商场)3楼,广东省,深圳市,宝安区,113.8759165,22.79013769
百誉影城(公明店),体育休闲服务,影剧院,电影院,公明街道宝安路11号欧式堡商城3层,广东省,深圳市,宝安区,113.8846165,22.78398679
5D影院(潮流荟购物广场北),体育休闲服务,影剧院,影剧院相关,长春中路南一巷7-2公明中心商城2层,广东省,深圳市,宝安区,113.8860142,22.78376255
保利院线万厅影城(公明店),体育休闲服务,影剧院,电影院,公明街道松白路5036号潮流荟购物广场3层,广东省,深圳市,宝安区,113.8862096,22.78094958
中影百誉影城(上域店),体育休闲服务,影剧院,电影院,民生大道宏发上域商场4层401,广东省,深圳市,宝安区,113.9027709,22.78471409
中影南方国际影院(万汇城店),体育休闲服务,影剧院,电影院,公明办事处光明新区公明街道民生路71号万汇城4楼,广东省,深圳市,宝安区,113.9033352,22.78480091
烧烤音乐吧,体育休闲服务,影剧院,音乐厅,新村六巷与葫芦路交叉口北100米,广东省,深圳市,宝安区,113.8161935,22.77893727
中影百盛国际影城,体育休闲服务,影剧院,电影院,沙江路136号3层,广东省,深圳市,宝安区,113.8292537,22.77674461
正佳影院(文化馆店),体育休闲服务,影剧院,电影院,公明街道振明路文化馆C座1层,广东省,深圳市,宝安区,113.8984281,22.77694936
中影UL城市影院(坪地店),体育休闲服务,影剧院,电影院,坪地浩天购物广场4层(坪洲百货旁),广东省,深圳市,龙岗区,114.3019975,22.77148661
优优国际影城(浩天购物广场店),体育休闲服务,影剧院,电影院,坪地街道3034号浩天购物广场4层,广东省,深圳市,龙岗区,114.3018937,22.77126686
星晨国际影城(永辉超市店),体育休闲服务,影剧院,电影院,宝安大道星际家园1栋永辉超市3层,广东省,深圳市,宝安区,113.8277964,22.76743789
星河影城(喜港城店),体育休闲服务,影剧院,电影院,松岗街道东方大道C区喜港城3层,广东省,深圳市,宝安区,113.8384417,22.76748354
中影星河电影城(松岗店),体育休闲服务,影剧院,影剧院相关,松岗街道东方大道C区喜港城(华润万家)3层,广东省,深圳市,宝安区,113.8376186,22.76724714
动感5D影院,体育休闲服务,影剧院,影剧院相关,宝利来步行街104号宝宝龙欢乐园内,广东省,深圳市,宝安区,113.8460532,22.76612026
mini私人影院体验馆,体育休闲服务,影剧院,电影院,松岗街道金开路东方二六大厦1层(近东方大道),广东省,深圳市,宝安区,113.8476472,22.76498129
百线国际影城,体育休闲服务,影剧院,电影院,东方大道36号联投东方商场3层,广东省,深圳市,宝安区,113.8545358,22.76316079
影院(联投东方PARK),体育休闲服务,影剧院,电影院,东方大道36号联投东方PARKF3层,广东省,深圳市,宝安区,113.8543092,22.76367928
miii私人影院,体育休闲服务,影剧院,电影院,宝利来步行街60号附近,广东省,深圳市,宝安区,113.8477886,22.76508649
时代凤凰国际影城(楼岗大道店),体育休闲服务,影剧院,电影院,楼岗大道80-5号集信大厦3层,广东省,深圳市,宝安区,113.8478014,22.76862138
南港村戏院,体育休闲服务,影剧院,剧场,吉祥一路25-6号附近,广东省,深圳市,龙岗区,114.2809875,22.76308126
华夏君盛影院,体育休闲服务,影剧院,电影院,坪地街道龙岗大道3018号宜城Park三楼,广东省,深圳市,龙岗区,114.3007533,22.76998824
集鸿发国际影城,体育休闲服务,影剧院,电影院,井镇后亭社区惠尔乐购物商城3层,广东省,深圳市,宝安区,113.8160826,22.7567342
谭海酒店歌剧院,体育休闲服务,影剧院,剧场,广深公路松岗段44号(沙井松岗工业区广深路和潭头路交汇处),广东省,深圳市,宝安区,113.844014,22.75257404
中影时空国际影城,体育休闲服务,影剧院,电影院,观澜街道章阁社区天富商贸城3层,广东省,深圳市,龙华区,114.0130732,22.74664967
梦幻私人影院,体育休闲服务,影剧院,电影院,章阁村志扬大道十三栋二楼,广东省,深圳市,龙华区,114.0108497,22.7452226
深影五洲国际影城,体育休闲服务,影剧院,电影院,龙城街道五联社区五联综合市场华润万家3层,广东省,深圳市,龙岗区,114.2292934,22.74855681
中影・星际银河电影城(坑梓店),体育休闲服务,影剧院,电影院,坑梓街道金田风华苑西1号楼3层,广东省,深圳市,坪山区,114.3685092,22.74761819
百川影城IMAX(新沙天虹店),体育休闲服务,影剧院,电影院,沙井街道西环路2105号新沙天虹7层,广东省,深圳市,宝安区,113.7952111,22.73390432
金逸影城(岁宝百货),体育休闲服务,影剧院,电影院,民主大道与松福路交汇处岁宝百货3F层-4F层,广东省,深圳市,宝安区,113.7875193,22.73938407
金逸国际电影城(沙井店),体育休闲服务,影剧院,电影院,沙井街道民主大道岁宝百货3层,广东省,深圳市,宝安区,113.7877368,22.73929041
大地数字影院(裕客隆店),体育休闲服务,影剧院,电影院,沙井路180号裕客隆百货广场4层,广东省,深圳市,宝安区,113.8027305,22.73173549
深圳华夏星光国际影城(沙井店),体育休闲服务,影剧院,电影院,沙井街道中心路宝安书城B1-2层,广东省,深圳市,宝安区,113.8241026,22.73394816
深圳完美世界影城(沙井店),体育休闲服务,影剧院,电影院,新沙路180号华润万家4层,广东省,深圳市,宝安区,113.8228294,22.73121454
17.5影城(沙井店),体育休闲服务,影剧院,电影院,沙井街道新沙路与中心路交汇处华润万家4层A,广东省,深圳市,宝安区,113.8229016,22.73117469
米高梅国际影城,体育休闲服务,影剧院,电影院,田富路28号A栋3层,广东省,深圳市,宝安区,113.8950694,22.73476342
米高梅电影,体育休闲服务,影剧院,电影院,田富路28号A栋亿华购物广场3层,广东省,深圳市,宝安区,113.8951144,22.73477442
中影・熙腾国际影城,体育休闲服务,影剧院,电影院,桔坑路盛世华联4层,广东省,深圳市,龙华区,114.0019577,22.73127924
金逸国际电影城(观澜店),体育休闲服务,影剧院,电影院,观光路万悦城广场4层,广东省,深圳市,龙华区,114.0077221,22.73436805
相遇音乐吧,体育休闲服务,影剧院,音乐厅,观澜大水坑大三村大三阁,广东省,深圳市,龙华区,114.0080801,22.73507079
星美,体育休闲服务,影剧院,电影院,龙平东路沃尔玛3层,广东省,深圳市,龙岗区,114.2644574,22.7324231
嘉年华国际影城(人人购物广场店),体育休闲服务,影剧院,电影院,龙平东路人人购物广场富德店4层,广东省,深圳市,龙岗区,114.2689173,22.73230256
百汇银河影城,体育休闲服务,影剧院,电影院,龙岗街道龙岗社区龙岗大道6483号欢城广场4层005室,广东省,深圳市,龙岗区,114.2765251,22.73996868
东星影咖(私人影院店),体育休闲服务,影剧院,电影院,双龙龙昌街70号2楼(平岗中学斜对面龙昌商务大厦2楼),广东省,深圳市,龙岗区,114.2669699,22.73144445
坑梓影剧院,体育休闲服务,影剧院,电影院,光祖北路与吉康路交汇处,广东省,深圳市,坪山区,114.3703824,22.73910269
橙天国际影城(嘉邻中心),体育休闲服务,影剧院,电影院,锦绣西路与聚龙山B路交汇处嘉邻中心3F层,广东省,深圳市,坪山区,114.3784536,22.73390775
中影飞尚百誉影城(沙井店),体育休闲服务,影剧院,电影院,沙井路与新沙路交汇处京基百纳广场5层502,广东省,深圳市,宝安区,113.8012239,22.73012236
DY国际影城(沙井店),体育休闲服务,影剧院,电影院,沙井街道中心路34-1号形色城购物广场F6层601,广东省,深圳市,宝安区,113.8243058,22.72470218
深圳万丰影剧院,体育休闲服务,影剧院,电影院|体育休闲服务,新沙路285号,广东省,深圳市,宝安区,113.821899,22.72988817
东影南国影城(上南店),体育休闲服务,影剧院,电影院,上南大街200号联诚购物广场4层(近上南美联),广东省,深圳市,宝安区,113.8372635,22.72170814
宝影国际影城(公明店),体育休闲服务,影剧院,电影院,南海百货4层,广东省,深圳市,宝安区,113.8953665,22.7208284
中影国际影城(田寮店),体育休闲服务,影剧院,电影院,公明街道田寮村炜东城百货三楼,广东省,深圳市,宝安区,113.9006525,22.72883092
集鸿发国际影城(田寮店),体育休闲服务,影剧院,电影院,公明街道田寮村炜东城百货三楼,广东省,深圳市,宝安区,113.9007385,22.72931976
中影影派影城,体育休闲服务,影剧院,电影院,长圳商业步行街2栋3层,广东省,深圳市,宝安区,113.9155586,22.72133863
大地数字影院(观澜兴万达店),体育休闲服务,影剧院,电影院,观澜大道517号兴万达广场5层,广东省,深圳市,龙华区,114.0533059,22.72160305
星美国际影城(首信广场店),体育休闲服务,影剧院,电影院,桂花路108号首信广场5层,广东省,深圳市,龙华区,114.0550746,22.72677958
橙天嘉禾影城(观澜湖店),体育休闲服务,影剧院,电影院,观澜高尔夫大道8号观澜湖新城MHMALL1栋4层2A栋C座1-3层,广东省,深圳市,龙华区,114.0699147,22.72595966
中娱影院,体育休闲服务,影剧院,电影院,中心城锦绣东方吉福路151号,广东省,深圳市,龙岗区,114.2276799,22.72412697
中影泰得影城(盛世店),体育休闲服务,影剧院,电影院,龙城街道中心城欧景花园三期10号楼地下二层商铺,广东省,深圳市,龙岗区,114.2289361,22.73007406
龙岗影城(文化中心店),体育休闲服务,影剧院,电影院,龙城广场东侧龙岗文化中心A区1楼,广东省,深圳市,龙岗区,114.2453801,22.72329782
龙岗文化中心大剧院,体育休闲服务,影剧院,剧场,龙岗文化中心A区2层,广东省,深圳市,龙岗区,114.2453791,22.72329782
宝能影城(龙岗店),体育休闲服务,影剧院,电影院,龙城街道建设路28号宝钜商业大厦四层L4-03a商铺,广东省,深圳市,龙岗区,114.2433275,22.72742961
龙岗文化中心音乐厅,体育休闲服务,影剧院,音乐厅,龙岗文化中心A区4层,广东省,深圳市,龙岗区,114.2453711,22.72329082
龙潭公园-中心舞台,体育休闲服务,影剧院,剧场,长兴南路西150米,广东省,深圳市,龙岗区,114.2386019,22.72509355
橙天嘉禾影城(摩尔城店),体育休闲服务,影剧院,电影院,龙岗大道6002号摩尔城4层,广东省,深圳市,龙岗区,114.2630172,22.72447137
新天地影城(万达龙盛店),体育休闲服务,影剧院,电影院,龙岗街道深汕路中信龙盛新天地1栋2层,广东省,深圳市,龙岗区,114.2915331,22.72497292
乐潮主题音乐厅(中信龙盛广场店),体育休闲服务,影剧院,音乐厅,龙岗街道深汕路中信龙盛广场1栋2楼202-204-205-206-207商铺,广东省,深圳市,龙岗区,114.2921923,22.72552175
金色童年5D电影,体育休闲服务,影剧院,影剧院相关,沙井和一村锦程路裕花园银钻广场3层,广东省,深圳市,宝安区,113.7794833,22.71744172
新哥弟数码影院,体育休闲服务,影剧院,电影院,沙井街道黄埔社区龙井路15号2楼,广东省,深圳市,宝安区,113.8389782,22.71869106
百誉影城(世贸中心店),体育休闲服务,影剧院,电影院,龙城街道中心城龙翔大道龙岗世贸中心(D区四楼),广东省,深圳市,龙岗区,114.2409172,22.71967052
星美国际影商城,体育休闲服务,影剧院,电影院,龙城街道龙翔大道7188号万科广场3层03-24、25,广东省,深圳市,龙岗区,114.2380119,22.71674771
东影南国国际影城(福永唐美店),体育休闲服务,影剧院,电影院,凤塘大道523号唐美商场4层,广东省,深圳市,宝安区,113.7963367,22.70368542
万成国际影城,体育休闲服务,影剧院,电影院,人民路264号义乌商贸城4层,广东省,深圳市,龙华区,114.035316,22.70703738
德金国际影城(德金财富广场店),体育休闲服务,影剧院,电影院,福永镇和平村桥和路315号德金财富广场2层,广东省,深圳市,宝安区,113.7812384,22.69121269
东海国际影城,体育休闲服务,影剧院,电影院,福永街道桥头社区永福路120号东海百货4层,广东省,深圳市,宝安区,113.7971124,22.69090091
星美国际影商城(凤凰世纪商业广场店),体育休闲服务,影剧院,电影院,大洋路178号凤凰世纪商业广场1层(好万年超市对面),广东省,深圳市,宝安区,113.8186061,22.69822049
环球国际影城(福永店),体育休闲服务,影剧院,电影院,福永社区凤凰山大道98号F3-03,广东省,深圳市,宝安区,113.8359691,22.69089684
中影星悦国际影城,体育休闲服务,影剧院,电影院,石岩街道石龙社区工业一路与二路交汇处惠科时尚广场A栋东侧2层,广东省,深圳市,宝安区,113.9647164,22.69793565
百丽电影院,体育休闲服务,影剧院,电影院,华宁路新百丽工业园内,广东省,深圳市,龙华区,113.9801911,22.69102269
中影新耀客影城,体育休闲服务,影剧院,电影院,大浪街道浪静路11南国俪人C栋1层,广东省,深圳市,龙华区,113.9823661,22.7003849
电影院(比邻新天地),体育休闲服务,影剧院,电影院,观澜大道75号比邻新天地1F层,广东省,深圳市,龙华区,114.0367241,22.69624182
华夏国际影城(比邻新天地店),体育休闲服务,影剧院,电影院,观澜大道75号田背路口比邻新天地1层,广东省,深圳市,龙华区,114.0370815,22.69623499
希恩国际影城(观澜巨幕店),体育休闲服务,影剧院,电影院,观澜街道大和路口环观南路101号凯美居广场A座5层,广东省,深圳市,龙华区,114.047561,22.69330516
RAVI音乐吧,体育休闲服务,影剧院,音乐厅,凤凰大道235号,广东省,深圳市,龙岗区,114.138701,22.69669069
中影face电影城(平湖店),体育休闲服务,影剧院,电影院,凤凰大道凤凰商业广场(肯德基后面箱房),广东省,深圳市,龙岗区,114.1384824,22.69814197
深圳博纳国际影城(龙岗店),体育休闲服务,影剧院,电影院,爱南路666号COCO ParkF4层L4-032,广东省,深圳市,龙岗区,114.2234469,22.69383195
达梦国际影城(尖莎咀店),体育休闲服务,影剧院,电影院,宝荷路振业峦山谷尖莎咀购物中心3层,广东省,深圳市,龙岗区,114.2621414,22.69091679
IMAX影院,体育休闲服务,影剧院,电影院,深汕公路坪山益田假日世界内,广东省,深圳市,坪山区,114.3348262,22.69590716
中影UL城市影院(坪山店),体育休闲服务,影剧院,电影院,建设路49号泰华商城4层,广东省,深圳市,坪山区,114.3409804,22.69309263
坪山影剧院,体育休闲服务,影剧院,电影院,坪山镇建设路62号,广东省,深圳市,坪山区,114.3402924,22.69356074
一起看微影院(桥头店),体育休闲服务,影剧院,电影院,宝安大道6271号附近,广东省,深圳市,宝安区,113.8028457,22.68680157
天地傲翔6D动感影院,体育休闲服务,影剧院,影剧院相关,凤凰大道11号,广东省,深圳市,宝安区,113.8407037,22.68728623
星河传说6D动感影院,体育休闲服务,影剧院,影剧院相关,凤凰山大道,广东省,深圳市,宝安区,113.8406556,22.68709519
天地傲翔动感6D影院体验店,体育休闲服务,影剧院,影剧院相关,凤凰山大道110号附近凤凰百货1层,广东省,深圳市,宝安区,113.8407949,22.68722641
M・E私人影院,体育休闲服务,影剧院,电影院,石岩街道办龙腾社区松白路与宝石西路交汇处石岩汽车站斜对面岭南创谷A栋408号,广东省,深圳市,宝安区,113.9225853,22.68668066
石岩影剧院,体育休闲服务,影剧院,剧场,宝石东路385号,广东省,深圳市,宝安区,113.9338698,22.68252197
博世(宝石西路),体育休闲服务,影剧院,电影院,宝石西路11号附近,广东省,深圳市,宝安区,113.9281388,22.68465011
荣耀投影厅,体育休闲服务,影剧院,影剧院相关,上排新村南十一巷与上排新村南四巷交叉口西南100米,广东省,深圳市,宝安区,113.930078,22.6877286
中影金影星汇国际影城,体育休闲服务,影剧院,电影院,官田社区宝石东路宏发世纪城一期星城购物中心,广东省,深圳市,宝安区,113.9422486,22.68324675
中影南方国际影城(观澜店),体育休闲服务,影剧院,电影院,观澜樟坑径社区新安汇大厦2层,广东省,深圳市,龙华区,114.0729642,22.68834561
电影院(熙Z城购物中心),体育休闲服务,影剧院,电影院,富安大道与平安大道交汇处熙Z城购物中心2层,广东省,深圳市,龙岗区,114.131462,22.68524365
华夏君盛影城(熙Z城购物中心),体育休闲服务,影剧院,电影院,富安大道熙Z城君胜百货2层,广东省,深圳市,龙岗区,114.131466,22.68523666
华夏Le影城,体育休闲服务,影剧院,电影院,平湖大街330号荟港城三层,广东省,深圳市,龙岗区,114.1356151,22.68999157
星际银河电影城(同富裕路店),体育休闲服务,影剧院,电影院,沙n社区同富裕路9号六星新天地商业广场A座3层,广东省,深圳市,坪山区,114.3644024,22.68728361
中影幕森国际影城,体育休闲服务,影剧院,电影院,福永街道福永大道128号怀德村委旁东门商业中心汇隆城五楼,广东省,深圳市,宝安区,113.8139274,22.6715041
中影UL城市影院(福永店),体育休闲服务,影剧院,电影院,福永大道国惠康商场4层,广东省,深圳市,宝安区,113.8150343,22.67213402
福永大剧院,体育休闲服务,影剧院,剧场,福永大道11号,广东省,深圳市,宝安区,113.8196836,22.67435125
益田国际影城,体育休闲服务,影剧院,电影院,福永街道永泰西路益田假日天地2层,广东省,深圳市,宝安区,113.8222686,22.67325437
大地数字影院(宏发大世界店),体育休闲服务,影剧院,电影院,宝石南路与青年路交汇处宏发购物广场二期5层,广东省,深圳市,宝安区,113.9248666,22.67785701
一品红5D动感影院(岁宝百货石岩店),体育休闲服务,影剧院,电影院,石岩街道浪心社区宝石南路岁宝百货(石岩店)4F层,广东省,深圳市,宝安区,113.9246677,22.67789125
维也斯影院都会,体育休闲服务,影剧院,电影院,石岩镇宝石南路宏发大世界5层,广东省,深圳市,宝安区,113.9252394,22.67725268
百誉影城(大浪店),体育休闲服务,影剧院,电影院,大浪街道华旺路大浪商业中心E栋3层,广东省,深圳市,龙华区,113.9896324,22.67798652
幻影星空9D互动影院(大浪店),体育休闲服务,影剧院,电影院,龙华新区华繁路大浪商业中心16栋K103室分享城西门斜对,广东省,深圳市,龙华区,113.9885172,22.67865874
橙天欢乐影城(大浪店),体育休闲服务,影剧院,电影院,华旺路大浪商业中心H栋纷享城F3层,广东省,深圳市,龙华区,113.9895934,22.6790134
橙天嘉禾影城,体育休闲服务,影剧院,电影院,大浪商业中心2期纷享城3楼橙天嘉禾影城8、9号厅门口橙子乐园,广东省,深圳市,龙华区,113.9897501,22.67853204
华纳万都影城(深圳龙华店),体育休闲服务,影剧院,电影院,清华路清湖老村花伴里邻里购物中心3层,广东省,深圳市,龙华区,114.0437029,22.67499338
中环亚(清湖店),体育休闲服务,影剧院,电影院,梅龙大道与清湖路交叉口西南150米,广东省,深圳市,龙华区,114.0383688,22.67227273
亚洲之星影苑,体育休闲服务,影剧院,电影院,清湖工业园清庆路1号深圳广播电影电视集团文化产业园2号楼宜和购物附近,广东省,深圳市,龙华区,114.0560589,22.67603398
时代金球影城(环球物流中心店),体育休闲服务,影剧院,电影院,平湖镇华南城环球物流中心4层,广东省,深圳市,龙岗区,114.1190523,22.67842802
逸达国际影城(荷坳店),体育休闲服务,影剧院,电影院,金源路20号宝丰商场2层,广东省,深圳市,龙岗区,114.227838,22.67835881
万明影城,体育休闲服务,影剧院,电影院,坪山京基御景印象2期1-2号,广东省,深圳市,坪山区,114.3302969,22.68000852
中影德金影城(福永店),体育休闲服务,影剧院,电影院,福永街道怀德南路翠岗公园群艺馆1层,广东省,深圳市,宝安区,113.816674,22.66635136
风云国际影院(欢天喜地店),体育休闲服务,影剧院,电影院,西乡{竹角村欢天喜地2层,广东省,深圳市,宝安区,113.8585513,22.66138679
非凡数字影城,体育休闲服务,影剧院,电影院,石岩街道塘头社区塘头大道宏发商业大厦1-2层,广东省,深圳市,宝安区,113.9108884,22.66675358
万厅国际影城(石岩分店),体育休闲服务,影剧院,电影院,塘头大道41-16东海百货2层,广东省,深圳市,宝安区,113.9120973,22.66786355
中影熙腾国际影城(龙华店),体育休闲服务,影剧院,电影院,龙华街道东环一路世贸广场一楼26、27、30号,广东省,深圳市,龙华区,114.0173974,22.66397279
华夏太古巨幕影城,体育休闲服务,影剧院,电影院,创业路汇海广场B座3层,广东省,深圳市,龙华区,114.0226977,22.6604818
金逸新新影城,体育休闲服务,影剧院,电影院,清泉路9号TTMALL3层,广东省,深圳市,龙华区,114.0293232,22.66668794
金沙休闲城,体育休闲服务,影剧院,电影院,和平路与清泉路交叉口西南50米,广东省,深圳市,龙华区,114.0301357,22.66480028
纵横国际影城(天安云谷店),体育休闲服务,影剧院,电影院,坂田街道雪岗路2018号天安云谷产业园一期3栋C座3层303,广东省,深圳市,龙岗区,114.0635833,22.66319875
中影德金影城(百佳华商场),体育休闲服务,影剧院,电影院,龙华新区龙华街道人民北路291号百佳华商场5层,广东省,深圳市,龙华区,114.0152189,22.65790629
华夏太古国际影城(金銮时代店),体育休闲服务,影剧院,电影院,龙华街道和平东路金銮时代大厦1-2层,广东省,深圳市,龙华区,114.0253051,22.65957097
金逸影城(龙华店),体育休闲服务,影剧院,电影院,建设路与东环一路交界处崇尚百货4层,广东省,深圳市,龙华区,114.0258063,22.65510256
中影嘉年华影城(装修中),体育休闲服务,影剧院,电影院,龙华新区东环二路8号ICO购物领地4层,广东省,深圳市,龙华区,114.0321711,22.65875846
太平洋国际影城(新城汇店),体育休闲服务,影剧院,电影院,横岗街道红棉路与横岗一号交汇处龙岗新城汇5层,广东省,深圳市,龙岗区,114.1873177,22.65143083
中影UL城市影院(横岗店),体育休闲服务,影剧院,电影院,横岗松柏路天虹商场4层,广东省,深圳市,龙岗区,114.2063639,22.65209713
宝影国际影城,体育休闲服务,影剧院,电影院,天宝路附近,广东省,深圳市,宝安区,113.9188034,22.64844905
CINESKY(壹方天地Life广场),体育休闲服务,影剧院,电影院,壹方天地Life广场,广东省,深圳市,龙华区,114.0309991,22.64839549
雅图影城(龙华店),体育休闲服务,影剧院,电影院,龙华东环一路良基大厦家和福4层,广东省,深圳市,龙华区,114.0393658,22.64650588
深圳聚星国际影城(李朗店),体育休闲服务,影剧院,电影院,南湾街道布澜路31号李朗国际珠宝园C1栋3层,广东省,深圳市,龙岗区,114.1212196,22.64397164
金船音乐厅,体育休闲服务,影剧院,音乐厅,横岗六约红棉路新城广场维也纳洒店一楼,广东省,深圳市,龙岗区,114.1804973,22.6484613
金域世纪电影城(志健时代店),体育休闲服务,影剧院,电影院,茂盛路1号志健时代广场4层,广东省,深圳市,龙岗区,114.2008912,22.64990594
米高梅国际影城(横岗店),体育休闲服务,影剧院,电影院,龙岗大道横岗段5008横岗大厦商场4层,广东省,深圳市,龙岗区,114.203049,22.6495871
5D电影动感电影体验馆,体育休闲服务,影剧院,影剧院相关,兴业一路与机场二道交叉口西100米,广东省,深圳市,宝安区,113.8261853,22.64037856
传奇影城后瑞店,体育休闲服务,影剧院,电影院,新瑞路19号壹航城购物中心T2栋一层,广东省,深圳市,宝安区,113.8290162,22.63440598
中影UL城市影院(黄田店),体育休闲服务,影剧院,电影院,西乡街道长园路28号昌宏百货4层,广东省,深圳市,宝安区,113.8421821,22.63076364
金逸国际电影城(民治店),体育休闲服务,影剧院,电影院,民治大道648号牛栏前大厦3层,广东省,深圳市,龙华区,114.0325927,22.63764258
大地数字影院(佐t香颂店),体育休闲服务,影剧院,电影院,布龙路与民治大道交汇处佐t香颂购物中心1层,广东省,深圳市,龙华区,114.0317336,22.63369843
百川国际影城(民治优城店),体育休闲服务,影剧院,电影院,民治大道水尾村路段优城购物中心南区5层(海韵大厦对面)周大福升降梯直上5楼,广东省,深圳市,龙华区,114.0317707,22.63075386
南国艺恒影城(坂田店),体育休闲服务,影剧院,电影院,吉华路999号坂田商业广场5层,广东省,深圳市,龙岗区,114.0571934,22.63634135
中影UL城市影院(三联店),体育休闲服务,影剧院,电影院,布吉街道三联社区联布北路东侧佳华商场3层,广东省,深圳市,龙岗区,114.1104432,22.63075919
万众国际影城(横岗店),体育休闲服务,影剧院,电影院,横埔厦路8号麟恒中心广场3层(地铁3号线塘坑站),广东省,深圳市,龙岗区,114.1819325,22.64030347
东部华侨城大剧院,体育休闲服务,影剧院,剧场,大梅沙东部华侨城景区内,广东省,深圳市,盐田区,114.2709866,22.63634247
咕咕钟舞台,体育休闲服务,影剧院,剧场,东部华侨城,广东省,深圳市,盐田区,114.2731456,22.63505859
凤凰国际影城,体育休闲服务,影剧院,电影院,西乡街道宝安大道5010号西部硅谷B座1层,广东省,深圳市,宝安区,113.832891,22.6287942
中影・国际影城(九方购物中心),体育休闲服务,影剧院,电影院,人民南路与腾龙路交界九方购物中心3层,广东省,深圳市,龙华区,114.0162114,22.62979984
爱说美斯小剧场,体育休闲服务,影剧院,剧场,梅陇路1866美斯学谷二层,广东省,深圳市,龙华区,114.0250796,22.62845655
嘉熙业国际影城(民治店),体育休闲服务,影剧院,电影院,民治大道328号嘉熙业广场5层,广东省,深圳市,龙华区,114.0344968,22.62548709
4K影城,体育休闲服务,影剧院,电影院,民旺路民旺路1栋附近,广东省,深圳市,龙华区,114.0286315,22.62314613
中影博亚影城(民治店),体育休闲服务,影剧院,电影院,民福路2号百易广场F4层,广东省,深圳市,龙华区,114.030423,22.62108189
百丰堂音乐吧,体育休闲服务,影剧院,音乐厅,民治大道422号附近,广东省,深圳市,龙华区,114.0337371,22.62775754
中影博亚影城(坂田店),体育休闲服务,影剧院,电影院,五和大道118号海达和成购物中心3F层F301,广东省,深圳市,龙岗区,114.0563157,22.6287911
太平洋影城(8号仓店),体育休闲服务,影剧院,电影院,民康路1号8号仓奥特莱斯F3层,广东省,深圳市,龙岗区,114.0497668,22.62084392
万达影城(坂田雅园店),体育休闲服务,影剧院,电影院,坂田街道新安路1号宝银商业广场2层T10,广东省,深圳市,龙岗区,114.0575779,22.6228781
中影百川影城(布吉店),体育休闲服务,影剧院,电影院,布吉街道水径社区海心汇福园华润万家4楼,广东省,深圳市,龙岗区,114.1052927,22.62052373
ZCV布吉影城,体育休闲服务,影剧院,电影院,慢城商业街106-109号,广东省,深圳市,龙岗区,114.1264019,22.62715085
中影・美视国际影城,体育休闲服务,影剧院,电影院,西乡街道前进二路桃源居10区28栋(人人乐超市二楼),广东省,深圳市,宝安区,113.8546963,22.61976197
中影UL城市影院(昌宏店),体育休闲服务,影剧院,电影院,布吉西环路昌宏百货3层(长龙地铁站),广东省,深圳市,龙岗区,114.1047667,22.61036206
中影嘉华国际影城(星都里店),体育休闲服务,影剧院,电影院,布吉街道龙岗大道2504号星都豪庭商场二楼,广东省,深圳市,龙岗区,114.1325179,22.61502512
一帆影城(信和店),体育休闲服务,影剧院,电影院,深惠路大芬爱琴居信和购物广场3层,广东省,深圳市,龙岗区,114.1305706,22.61456245
中影百汇影城(人人购物广场),体育休闲服务,影剧院,电影院,南湾街道南岭社区南岭东路28号4层(人人购物广场南岭店楼上),广东省,深圳市,龙岗区,114.145844,22.61498628
星烨国际影城(深圳南岭店),体育休闲服务,影剧院,电影院,开放街8号南岭商业中心5层,广东省,深圳市,龙岗区,114.1456947,22.6125194
大峡谷4D影院,体育休闲服务,影剧院,影剧院相关,东部华侨城大侠谷,广东省,深圳市,盐田区,114.2980668,22.61060848
海菲德剧场,体育休闲服务,影剧院,剧场,东部华侨城,广东省,深圳市,盐田区,114.2998524,22.61290512
易时代影院(万丰广场店),体育休闲服务,影剧院,电影院,勤辉路2号a栋万丰广场3层,广东省,深圳市,宝安区,113.8460938,22.60204889
嘉乐影城(固戍店),体育休闲服务,影剧院,电影院,固戍一路67号置富广场1层,广东省,深圳市,宝安区,113.857688,22.60472866
博纳国际影城(星河盛世店),体育休闲服务,影剧院,电影院,梅龙路附近,广东省,深圳市,龙华区,114.0411106,22.60540399
八克拉俱乐部,体育休闲服务,影剧院,电影院,梅林关上河坊书香门第8,广东省,深圳市,龙华区,114.0421771,22.60171919
深影华纳影城(民乐店),体育休闲服务,影剧院,电影院,民治街道民乐一区民乐大厦3层,广东省,深圳市,龙华区,114.0470917,22.6010531
中影UL城市影院(昌宏店),体育休闲服务,影剧院,电影院,布吉西环路昌宏百货3层(长龙地铁站),广东省,深圳市,龙岗区,114.1047667,22.61036206
中影易禾影城(布吉广场店),体育休闲服务,影剧院,电影院,吉华路69号布吉中心广场4层,广东省,深圳市,龙岗区,114.1129258,22.60293352
星美影城(国都花园店),体育休闲服务,影剧院,电影院,金鹏路18号国都花园3层,广东省,深圳市,龙岗区,114.1127762,22.60818864
华纳时代国际影城(国都花园店),体育休闲服务,影剧院,电影院,金鹏路18号国都花园3层(布吉公园旁),广东省,深圳市,龙岗区,114.1127051,22.60821758
中影南方(布吉店),体育休闲服务,影剧院,电影院,深惠路102号龙珠商城5层,广东省,深圳市,龙岗区,114.1182597,22.60512007
华夏太古国际影城(万科红店),体育休闲服务,影剧院,电影院,布吉锦龙路89号万科红生活广场南区F1层-F2层,广东省,深圳市,龙岗区,114.1224988,22.60078224
佳兆业国际影城(布吉店),体育休闲服务,影剧院,电影院,龙岗大道2288号佳兆业广场4层,广东省,深圳市,龙岗区,114.1259822,22.60921921
万达影城布吉万科红店,体育休闲服务,影剧院,电影院,布吉锦龙路与惠康路交汇处万科红生活广场二楼(惠康路口),广东省,深圳市,龙岗区,114.1222524,22.60076397
天誉国际影城(樟树布店),体育休闲服务,影剧院,电影院,南湾街道樟树布社区樟富北路法瑞姿大厦5楼,广东省,深圳市,龙岗区,114.1503289,22.60920701
东部华侨城露天剧场,体育休闲服务,影剧院,剧场,东部华侨城,广东省,深圳市,盐田区,114.3014776,22.608481
第8天影院,体育休闲服务,影剧院,电影院,宝田一路58号附近,广东省,深圳市,宝安区,113.8701629,22.59680838
中影德金影城(西乡店),体育休闲服务,影剧院,电影院,宝民二路190-3号缤纷时代广场F1层,广东省,深圳市,宝安区,113.8693755,22.59580867
中影UL城市影院,体育休闲服务,影剧院,电影院,宝田一路中熙香缤山九栋万荟城商业广场四楼,广东省,深圳市,宝安区,113.8765507,22.59935109
17.5影城(西乡店),体育休闲服务,影剧院,电影院,西乡街道76区锦花路华广集团4层,广东省,深圳市,宝安区,113.8855778,22.59270795
中影100都市影城(彩虹城店),体育休闲服务,影剧院,电影院,西乡大道与前进二路交汇处81区彩虹城五层,广东省,深圳市,宝安区,113.877159,22.5932624
横店电影城(深圳店),体育休闲服务,影剧院,电影院,民治书香门第上河坊2栋2层,广东省,深圳市,龙华区,114.0432735,22.59969113
中影影城(佳兆业广场)(装修中),体育休闲服务,影剧院,电影院,佳兆业广场商业2层,广东省,深圳市,龙岗区,114.4700797,22.5966239
深圳市第一职业技术学校音乐厅,体育休闲服务,影剧院,音乐厅,鹏飞路53号附近,广东省,深圳市,龙岗区,114.5061388,22.59560616
纽菲斯音乐吧(较场尾店),体育休闲服务,影剧院,音乐厅,较场尾银滩路p1停车场解放区客栈旁边,广东省,深圳市,龙岗区,114.5050783,22.59165653
新华银兴国际影城(深圳店),体育休闲服务,影剧院,电影院,宝安大道与金海路交汇处金港华庭1栋3层,广东省,深圳市,宝安区,113.855821,22.58583943
云幕国际影城(西乡店),体育休闲服务,影剧院,电影院,工业路23号共乐城购物中心4层,广东省,深圳市,宝安区,113.8637873,22.5846925
中影南国影城(宝安店),体育休闲服务,影剧院,电影院,宝民二路129号港隆城百货4层,广东省,深圳市,宝安区,113.8761209,22.58437764
金逸国际电影城(建安店),体育休闲服务,影剧院,电影院,建安二路河东骏丰园首层,广东省,深圳市,宝安区,113.8799797,22.5863894
芒果私人影院,体育休闲服务,影剧院,电影院,流塘一路一乐会商场二楼,广东省,深圳市,宝安区,113.8807449,22.58482212
西乡乐谷,体育休闲服务,影剧院,剧场|体育休闲服务,西乡街道宝民2路112号,广东省,深圳市,宝安区,113.8780339,22.5843812
CMC文创影院,体育休闲服务,影剧院,电影院,新安四路金海华府,广东省,深圳市,宝安区,113.8909512,22.58541586
中影UL城市影城(宝立方店),体育休闲服务,影剧院,电影院,新安四路198号宝立方3层,广东省,深圳市,宝安区,113.8873095,22.58280994
兴东社区文化活动舞台,体育休闲服务,影剧院,剧场,留仙二路一巷14号附近,广东省,深圳市,宝安区,113.9118426,22.58485083
中影4KMAX国际影城(西丽店),体育休闲服务,影剧院,电影院,留仙大道2188号悦方广场1层,广东省,深圳市,南山区,113.9410106,22.58418685
中影UL城市影院(西丽店),体育休闲服务,影剧院,电影院,西丽镇366商业步行街中段2层,广东省,深圳市,南山区,113.9462759,22.58513316
中影荟星影城(西丽店),体育休闲服务,影剧院,电影院,西丽街留仙大道1369号众冠西郡园二楼(西丽地铁站C口),广东省,深圳市,南山区,113.950618,22.58312792
新岸线游艺城5D影院,体育休闲服务,影剧院,影剧院相关,平山村379号附近,广东省,深圳市,南山区,113.9612208,22.58681581
百誉影城(草埔店),体育休闲服务,影剧院,电影院,金稻田路1191号福安购物广场7楼,广东省,深圳市,罗湖区,114.1146236,22.58722903
中影UL城市影院(布心店),体育休闲服务,影剧院,电影院,东湖路189号今日家园腾均商业百货2层,广东省,深圳市,罗湖区,114.1304403,22.58428143
金逸国际电影城(碧海店),体育休闲服务,影剧院,电影院,兴业路3004号碧海城广场4层,广东省,深圳市,宝安区,113.8517785,22.57199879
中影星美国际影城(新湖路店),体育休闲服务,影剧院,电影院,西乡大道与新湖路交汇处天虹商场3层,广东省,深圳市,宝安区,113.8594937,22.57762762
中影星美国际影城(天虹商场店),体育休闲服务,影剧院,电影院,宝安大道与新湖路交汇处天虹商场3层,广东省,深圳市,宝安区,113.860082,22.57812738
天虹电影,体育休闲服务,影剧院,电影院,合正汇一城3层,广东省,深圳市,宝安区,113.8588763,22.57873864
中影星美国际影城(天虹商场),体育休闲服务,影剧院,电影院,西乡大道与新湖路交汇处天虹商场F3层,广东省,深圳市,宝安区,113.8580695,22.57897748
深影华纳影院,体育休闲服务,影剧院,电影院,新安街道49区自由路137号大楼一楼(翻身派出所旁),广东省,深圳市,宝安区,113.8837668,22.57242935
橙天嘉禾影城(深圳中洲店),体育休闲服务,影剧院,电影院,创业二路89号中洲・πmallA区4层,广东省,深圳市,宝安区,113.9015997,22.57445242
橙天嘉禾影城(卓悦汇店),体育休闲服务,影剧院,电影院,梅林街道中康路126号卓悦汇购物中心四层L4-27,广东省,深圳市,福田区,114.0556421,22.572689
凯乐之声,体育休闲服务,影剧院,剧场,上梅林凯丰路与梅东二路交汇处两岸大厦4楼,广东省,深圳市,福田区,114.0589648,22.57388463
天长地久罗湖梦幻影城,体育休闲服务,影剧院,电影院,宝岗路269号东座1楼(泥岗东路与宝安北路交汇处),广东省,深圳市,罗湖区,114.1059396,22.57376936
MCL洲立影城(罗湖店),体育休闲服务,影剧院,电影院,太宁街8号喜荟城F2层-F3层,广东省,深圳市,罗湖区,114.1358554,22.57080276
大地数字影院(时代城店),体育休闲服务,影剧院,电影院,西乡街道宝源路时代城深圳宝安店6层,广东省,深圳市,宝安区,113.8632491,22.56989842
UL城市影院(乐尚店),体育休闲服务,影剧院,电影院,裕安一路与翻身路交叉口星光美食娱乐广场2层,广东省,深圳市,宝安区,113.8850288,22.56636962
中影星趴影城,体育休闲服务,影剧院,电影院,宝安大道万科生活广场2层,广东省,深圳市,宝安区,113.8848878,22.56416175
中影星趴影城・儿童乐园,体育休闲服务,影剧院,电影院,宝安大道2060-10号附近,广东省,深圳市,宝安区,113.8848878,22.56416175
丰乐视听馆(创业天虹店),体育休闲服务,影剧院,电影院,翻身路336号易达大厦3层,广东省,深圳市,宝安区,113.8899085,22.56381584
万达影城(海雅广场店),体育休闲服务,影剧院,电影院,建安一路99号海雅缤纷城4层L4-58号,广东省,深圳市,宝安区,113.9012272,22.56372655
新安影剧院,体育休闲服务,影剧院,电影院,新安二路70号,广东省,深圳市,宝安区,113.9048649,22.56205572
环星电影院(新安店),体育休闲服务,影剧院,电影院,新安二路70号,广东省,深圳市,宝安区,113.90528,22.56226856
中影影尊国际影城,体育休闲服务,影剧院,电影院,建安一路80号香缤广场家乐福4层,广东省,深圳市,宝安区,113.9017104,22.56455238
海雅大剧院,体育休闲服务,影剧院,剧场,建安一路99号海雅缤纷城,广东省,深圳市,宝安区,113.9012262,22.56372555
开心超市小剧场,体育休闲服务,影剧院,剧场,新安二路74号,广东省,深圳市,宝安区,113.9061432,22.56299116
球幕影院(龙井二路),体育休闲服务,影剧院,电影院,龙井二路95号宝安科技馆4层,广东省,深圳市,宝安区,113.9066864,22.56139607
中影UL城市影院(岁宝百货),体育休闲服务,影剧院,电影院,龙珠大道33号岁宝百货F1层,广东省,深圳市,南山区,113.9798443,22.56083472
中影UL城市影院(龙珠店),体育休闲服务,影剧院,电影院,桃源村三期岁宝百货2层,广东省,深圳市,南山区,113.9794453,22.56095389
深圳雅图数字影院(梅林店),体育休闲服务,影剧院,电影院,梅林一村9区103A,广东省,深圳市,福田区,114.0292917,22.56812772
宜和购物400演播厅,体育休闲服务,影剧院,剧场,怡景路2010号深圳广播电影电视集团大楼C102,广东省,深圳市,罗湖区,114.1343977,22.56056854
深圳交响乐团音乐厅,体育休闲服务,影剧院,音乐厅,黄贝街道黄贝路2025号,广东省,深圳市,罗湖区,114.1362911,22.56070437
荷里活5D动感体验,体育休闲服务,影剧院,影剧院相关,爱国路园林大厦东南100米,广东省,深圳市,罗湖区,114.1389668,22.5697717
中影UL城市影院(莲塘路店),体育休闲服务,影剧院,电影院,莲塘路208号聚宝商业中心3层,广东省,深圳市,罗湖区,114.1648696,22.56457532
中影UL城市影院(宝安店),体育休闲服务,影剧院,电影院,罗田路第五大道高发西岸花园7栋,广东省,深圳市,宝安区,113.8712553,22.55803673
云影视厅,体育休闲服务,影剧院,电影院,大新路88号金龙工业园门口,广东省,深圳市,南山区,113.925664,22.55178857
江湖影院,体育休闲服务,影剧院,电影院,安托山七路南侧,广东省,深圳市,福田区,114.0074973,22.55384397
聚橙剧院院线,体育休闲服务,影剧院,剧场,景田东路与莲花路交叉口西南200米,广东省,深圳市,福田区,114.0394875,22.5550283
深圳市妇女大厦儿童剧场,体育休闲服务,影剧院,剧场,景田东路与莲花路交叉口西南200米,广东省,深圳市,福田区,114.0392869,22.55509974
福田文化馆・音乐主题馆,体育休闲服务,影剧院,音乐厅,景田北路东一街2号,广东省,深圳市,福田区,114.0384661,22.55797537
球幕影院(少年宫店),体育休闲服务,影剧院,电影院,福中一路2002号,广东省,深圳市,福田区,114.0563068,22.55071288
现代演艺中心,体育休闲服务,影剧院,剧场,红荔西路莲花三村演艺中心大厦,广东省,深圳市,福田区,114.0653895,22.55076889
刘老根拿来一壶嗨晚宴剧院,体育休闲服务,影剧院,剧场,红荔西路5001号现代演艺中心,广东省,深圳市,福田区,114.0652785,22.55069403
深圳少年宫-三楼音乐厅,体育休闲服务,影剧院,音乐厅,福中一路2002号,广东省,深圳市,福田区,114.0568113,22.55044009
黑土地剧场,体育休闲服务,影剧院,剧场,红荔路5003号3层西侧,广东省,深圳市,福田区,114.0653035,22.55052801
艺好天影视,体育休闲服务,影剧院,电影院,百花五路长城大厦7栋17-18,广东省,深圳市,福田区,114.0848705,22.55423504
百花金奖影城,体育休闲服务,影剧院,电影院,百花二路2号百花园首层,广东省,深圳市,福田区,114.0903699,22.55638455
中影星联影城(园岭店),体育休闲服务,影剧院,电影院,园岭新村四路新一佳2层,广东省,深圳市,福田区,114.0944688,22.55502856
嘉乐国际影城(鸿翔店),体育休闲服务,影剧院,电影院,松园路鸿翔花园2期1层(家乐福后门),广东省,深圳市,罗湖区,114.1021191,22.55604522
中影百汇国际影城(红岭店),体育休闲服务,影剧院,电影院,红岭中路2061号星光广场3层,广东省,深圳市,福田区,114.0988175,22.55825398
深圳市振鹏京剧院,体育休闲服务,影剧院,剧场,桂园路三巷36号桂园文化站六楼,广东省,深圳市,罗湖区,114.107328,22.55045324
红石影城(东门店),体育休闲服务,影剧院,电影院,东门中路2088号维景酒店B1层,广东省,深圳市,罗湖区,114.1180016,22.5519457
冷杉欢腾影城(深圳店),体育休闲服务,影剧院,电影院,沙头角街道官下路63号瀚海东岸4层401,广东省,深圳市,盐田区,114.2271209,22.55387192
时代凤凰国际影城(盐田店),体育休闲服务,影剧院,电影院,沙头角海山路28号和亨城市广场广富百货2层,广东省,深圳市,盐田区,114.2337516,22.56030299
华纳万都影城(深圳前海店),体育休闲服务,影剧院,电影院,桂湾三路龙海商业广场13-17号,广东省,深圳市,南山区,113.9011066,22.54088031
汉鼎宇佑影城(星海名城店),体育休闲服务,影剧院,电影院,前海路3101-90号前海天虹6层,广东省,深圳市,南山区,113.908836,22.54375739
中影德金影城南山店,体育休闲服务,影剧院,电影院,南山街道艺园东路缤纷年华家园商业裙楼301A-2号,广东省,深圳市,南山区,113.9228641,22.54564043
中影南方影城(科技园店),体育休闲服务,影剧院,电影院,科兴路10号科技园文化广场3层,广东省,深圳市,南山区,113.9384794,22.54357428
百老汇电影中心(深圳万象天地),体育休闲服务,影剧院,电影院,深南大道与沙河西路交汇处深圳万象天地,广东省,深圳市,南山区,113.9510507,22.54466746
百影汇家庭影院,体育休闲服务,影剧院,电影院,大冲城市花园,广东省,深圳市,南山区,113.9516236,22.54707799
欢乐剧场(汇文楼西),体育休闲服务,影剧院,剧场,华侨城侨城西路欢乐谷内,广东省,深圳市,南山区,113.9756167,22.54244344
中影国际影城(华侨东路店),体育休闲服务,影剧院,电影院,沙河世纪假日广场B座304座A,广东省,深圳市,南山区,113.967667,22.54134487
Amber琥珀亲子微剧场,体育休闲服务,影剧院,剧场,侨城东路99号深南电路公司306室,广东省,深圳市,南山区,113.9909179,22.54244692
太平洋影城(东海店),体育休闲服务,影剧院,电影院,红荔西路8099号东海城市广场4层411号,广东省,深圳市,福田区,114.0158508,22.54334032
中影今典国际影城(深国投店)(装修中),体育休闲服务,影剧院,电影院,农林路69号深国投广场嘉信茂购物中心3层,广东省,深圳市,福田区,114.0066738,22.54734991
深圳音乐厅,体育休闲服务,影剧院,音乐厅,福中一路2016号,广东省,深圳市,福田区,114.0521804,22.55003996
金树大厅,体育休闲服务,影剧院,音乐厅,福中一路深圳音乐厅2层,广东省,深圳市,福田区,114.0521774,22.55003397
斯坦威花园音乐厅,体育休闲服务,影剧院,音乐厅,莲花街道深圳音乐厅一楼,广东省,深圳市,福田区,114.0521804,22.55003996
深圳音乐厅演奏大厅,体育休闲服务,影剧院,音乐厅,福中一路2016号,广东省,深圳市,福田区,114.0520386,22.54971124
中影UL国际影城(彩田店),体育休闲服务,影剧院,电影院,彩德城CBD一站式购物中心3层,广东省,深圳市,福田区,114.063454,22.54579772
博纳国际影城(茂业百货华强北店),体育休闲服务,影剧院,电影院,华强北路2005号茂业百货(华强北店)L9层,广东省,深圳市,福田区,114.081019,22.54866819
卢米埃影院(九方购物中心),体育休闲服务,影剧院,电影院,中航路1号九方购物中心4F层-5F层-6F层,广东省,深圳市,福田区,114.079054,22.54508257
旺角电玩城影吧,体育休闲服务,影剧院,电影院,福虹路5号福华大厦2楼,广东省,深圳市,福田区,114.0786253,22.54105811
EK影视部落,体育休闲服务,影剧院,电影院,福虹路5号福华大厦2楼(福瑞斯酒店正门进入),广东省,深圳市,福田区,114.0782343,22.54107336
新南国影城(中信店),体育休闲服务,影剧院,电影院,深南中路1095新城市广场F3层3001-3004、F4层403-404,广东省,深圳市,福田区,114.0932918,22.54196945
深圳市文化馆影剧院,体育休闲服务,影剧院,影剧院相关,燕南路95号深圳市文化馆,广东省,深圳市,福田区,114.0874648,22.55000158
深圳市群众艺术馆影剧院,体育休闲服务,影剧院,电影院,燕南路95号(群众艺术馆大楼),广东省,深圳市,福田区,114.0876229,22.54983155
深圳大剧院,体育休闲服务,影剧院,剧场,深南东路5016号京基百纳空间(KKMALL)购物中心4层,广东省,深圳市,罗湖区,114.1003959,22.54539641
橙天嘉禾影城(万象城店),体育休闲服务,影剧院,电影院,宝安南路1881号万象城广场3层,广东省,深圳市,罗湖区,114.1056163,22.54149689
UA影院(京基百纳空间),体育休闲服务,影剧院,电影院,深南东路5016号4层L427,广东省,深圳市,罗湖区,114.1020246,22.54725286
伊之源科技(万象城店),体育休闲服务,影剧院,影剧院相关,深南东路5033号金山大厦深圳书城(大剧院地铁站F出口),广东省,深圳市,罗湖区,114.1041293,22.543644
大剧院北街,体育休闲服务,影剧院,剧场,红岭中路1002-1号附近,广东省,深圳市,罗湖区,114.1003268,22.54650031
深圳大剧院-音乐厅,体育休闲服务,影剧院,音乐厅,深南东路5018号,广东省,深圳市,罗湖区,114.1004039,22.54545141
深圳戏院(新园路店),体育休闲服务,影剧院,电影院,新园路1号中海商城1层,广东省,深圳市,罗湖区,114.111388,22.54815717
南国影院(深圳金光华),体育休闲服务,影剧院,电影院,人民南路2028号金光华广场F3层-F4层,广东省,深圳市,罗湖区,114.1147698,22.54184036
太阳数码影城(解放路店),体育休闲服务,影剧院,电影院,解放路2001号太阳广场6层,广东省,深圳市,罗湖区,114.1131938,22.54790561
子曰私人影院,体育休闲服务,影剧院,电影院,百货广场大厦东座1201,广东省,深圳市,罗湖区,114.1141915,22.54660055
百誉影城(钻石广场店),体育休闲服务,影剧院,电影院,南湖路2017号钻石广场3层L3-09号,广东省,深圳市,罗湖区,114.1157184,22.54150224
中影泰得影城(东门店)(装修中),体育休闲服务,影剧院,电影院,解放路1034号鸿展广场3层,广东省,深圳市,罗湖区,114.1143797,22.54851057
深圳戏院1厅,体育休闲服务,影剧院,剧场,新园路与解放路交叉口西南50米,广东省,深圳市,罗湖区,114.1120049,22.54845562
深圳戏院-5号厅,体育休闲服务,影剧院,剧场,新园路3号中海商城F1,广东省,深圳市,罗湖区,114.1116974,22.54873636
中影百誉电影城(东门店),体育休闲服务,影剧院,电影院,东门步行街UCITY商业中心5-6层,广东省,深圳市,罗湖区,114.1156157,22.54921062
罗湖文化公园-欢乐世界剧场,体育休闲服务,影剧院,剧场,湖贝路2012号,广东省,深圳市,罗湖区,114.1213299,22.54910241
欢乐世界,体育休闲服务,影剧院,剧场,湖贝路2014号附近,广东省,深圳市,罗湖区,114.1215514,22.54909866
欢乐影盟・星艾主题影院,体育休闲服务,影剧院,电影院,东门中路鸿基大厦4楼整层,广东省,深圳市,罗湖区,114.1164482,22.54744452
基地清吧音乐吧,体育休闲服务,影剧院,音乐厅,乐园路66号附近,广东省,深圳市,罗湖区,114.1230652,22.5502723
凤凰国际影城(京基店),体育休闲服务,影剧院,电影院,黄贝岭凤凰路177号京基凤凰印象商业广场3层,广东省,深圳市,罗湖区,114.1283891,22.55015593
新金龙玉凤演艺中心,体育休闲服务,影剧院,剧场,凤凰路197号工纺大厦1层,广东省,深圳市,罗湖区,114.1267427,22.54931985
磨菇音乐吧,体育休闲服务,影剧院,音乐厅,凤凰路凤凰印象负1楼,广东省,深圳市,罗湖区,114.1282518,22.54977478
华夏君盛影城(港湾丽都店),体育休闲服务,影剧院,电影院,前海路3005号港湾丽都购物广场2层,广东省,深圳市,南山区,113.9099097,22.53474433
中影UL城市影院(前海店),体育休闲服务,影剧院,电影院,前海路3001号人人乐2层,广东省,深圳市,南山区,113.9098118,22.53182754
百川国际影城(欢乐颂购物广场店),体育休闲服务,影剧院,电影院,南新路3030号欢乐颂购物广场5层,广东省,深圳市,南山区,113.9150803,22.53820456
南山实验剧场,体育休闲服务,影剧院,剧场,南新路2040号南影综合大楼,广东省,深圳市,南山区,113.9140127,22.5326487
小橙堡微剧场,体育休闲服务,影剧院,剧场,南山大道2119号附近,广东省,深圳市,南山区,113.9189002,22.53933607
南山区文体中心剧院-贵宾(入口),体育休闲服务,影剧院,剧场,南山大道南山区文体中心,广东省,深圳市,南山区,113.9174956,22.53954939
深圳大学-音乐厅,体育休闲服务,影剧院,音乐厅,南海大道3688号深圳大学,广东省,深圳市,南山区,113.9281902,22.53678719
高新影院(深港店),体育休闲服务,影剧院,电影院,高新南七道15号深港产学研基地B1层,广东省,深圳市,南山区,113.9395375,22.53645377
太平洋国际影城(京基百纳店),体育休闲服务,影剧院,电影院,白石路168号京基百纳广场3层,广东省,深圳市,南山区,113.963725,22.53385389
中影益田假日影城(深圳广场店),体育休闲服务,影剧院,电影院,益田假日广场L3-8,广东省,深圳市,南山区,113.9709048,22.54024998
华夏艺术中心数码影院(华夏艺术中心店),体育休闲服务,影剧院,电影院,华侨城光侨街1号华夏艺术中心1-2层,广东省,深圳市,南山区,113.9803346,22.53739398
华夏剧院(光侨街),体育休闲服务,影剧院,剧场,光侨街1号,广东省,深圳市,南山区,113.9806638,22.537547
深圳华夏艺术中心大剧场,体育休闲服务,影剧院,剧场,华侨城光侨街1号,广东省,深圳市,南山区,113.9802618,22.5373092
印象中国剧场,体育休闲服务,影剧院,剧场,深南大道9003号中国民俗文化村,广东省,深圳市,南山区,113.9813803,22.53386808
老戏台,体育休闲服务,影剧院,剧场,深南大道9003号中国民俗文化村,广东省,深圳市,南山区,113.9835449,22.5346696
欢乐剧场(建安大厦西北),体育休闲服务,影剧院,剧场,园博园南门,广东省,深圳市,福田区,113.9983223,22.53811568
星汇电影城(东海缤纷天地店),体育休闲服务,影剧院,电影院,香林路,广东省,深圳市,福田区,114.0149941,22.53945402
喵星人私家影院,体育休闲服务,影剧院,电影院,都市阳光名苑裙楼2层2066号,广东省,深圳市,福田区,114.0203887,22.53800486
万众国际影城(NEO店),体育休闲服务,影剧院,电影院,深南大道6011号NEO企业大厦A座3层,广东省,深圳市,福田区,114.0244987,22.53855061
MC全息影剧院,体育休闲服务,影剧院,剧场,下沙京基滨河时代广场B1层,广东省,深圳市,福田区,114.0212283,22.53136889
星美国际影商城(京基IMAX店),体育休闲服务,影剧院,电影院,滨河大道9289号滨河时代裙楼京基百纳时代L4-406,广东省,深圳市,福田区,114.0211325,22.53114117
金逸影城(怡景中心城),体育休闲服务,影剧院,电影院,福华一路3号怡景中心城B2层,广东省,深圳市,福田区,114.0541849,22.5389352
博纳国际影城(皇庭店),体育休闲服务,影剧院,电影院,福华三路118号皇庭广场B1层3室,广东省,深圳市,福田区,114.0548263,22.53599728
百老汇影城(Coco Park购物公园店),体育休闲服务,影剧院,电影院,福华三路268号COCOPARK购物公园2层,广东省,深圳市,福田区,114.0482274,22.53657721
喵星人私人影院(岗厦店),体育休闲服务,影剧院,电影院,彩田路福建大厦b栋1501室,广东省,深圳市,福田区,114.0637944,22.53625886
保利国际影城(大中华店),体育休闲服务,影剧院,电影院,福华一路1号大中华国际交易广场中庭4层,广东省,深圳市,福田区,114.0572736,22.53874613
盛唐时代国际影城(卓越INTOWN购物中心),体育休闲服务,影剧院,电影院,福华三路卓越INTOWN购物中心L3层,广东省,深圳市,福田区,114.059449,22.53390406
聚影空间私人影院,体育休闲服务,影剧院,电影院,福华路99号福田市场大厦第三层3B0002号,广东省,深圳市,福田区,114.0747476,22.53956903
儒乐音乐吧,体育休闲服务,影剧院,音乐厅,福星路102号,广东省,深圳市,福田区,114.0767987,22.53524869
中影百誉影城,体育休闲服务,影剧院,电影院,佳宁娜购物广场友谊路,广东省,深圳市,罗湖区,114.1145115,22.53958828
港城曲艺城,体育休闲服务,影剧院,剧场,和平路1002号,广东省,深圳市,罗湖区,114.1123305,22.53117792
南园社区粤剧社,体育休闲服务,影剧院,剧场,德馨街3号,广东省,深圳市,南山区,113.9129405,22.52225694
深圳华夏星光国际影城(南山城店),体育休闲服务,影剧院,电影院,南海大道2748号南山城7层,广东省,深圳市,南山区,113.9247915,22.52245533
萤石私人电影院,体育休闲服务,影剧院,电影院,滨海大道西桂庙路22号向南瑞峰B座2层2023(地铁11号线南山站E2出口),广东省,深圳市,南山区,113.9214829,22.52760599
我+私人影院,体育休闲服务,影剧院,电影院,南海大道荟芳园商业街2层(深大小西门对面),广东省,深圳市,南山区,113.9235367,22.52984754
太平洋国际影城(天利名城店),体育休闲服务,影剧院,电影院,海德三道199号天利名城5-6层,广东省,深圳市,南山区,113.9304493,22.52134265
爱沐,体育休闲服务,影剧院,电影院,文心五路与海德二道交叉口东北50米,广东省,深圳市,南山区,113.9324614,22.52106859
和乐南山钢琴城春茧音乐厅,体育休闲服务,影剧院,音乐厅,滨海大道3001号深圳湾体育中心1层,广东省,深圳市,南山区,113.9446624,22.52125546
中影国际影城(欢乐海岸店),体育休闲服务,影剧院,电影院,白石路东8号欢乐海岸曲水湾2栋A区,广东省,深圳市,福田区,113.9874308,22.52544337
中影国际影城(华侨城店),体育休闲服务,影剧院,电影院,华侨东路(近小南国),广东省,深圳市,福田区,113.9876511,22.52733862
星美国际影商场,体育休闲服务,影剧院,电影院,福强路30号福田体育公园B1层,广东省,深圳市,福田区,114.0308521,22.52888058
芝麻开门私人影院,体育休闲服务,影剧院,电影院,南方国际广场B座616-619,广东省,深圳市,福田区,114.0502352,22.52908877
纵横国际影城(石厦店),体育休闲服务,影剧院,电影院,石厦北二街89号马成时代广场3层,广东省,深圳市,福田区,114.0477349,22.52409776
百丽宫影城(南山来福士广场店),体育休闲服务,影剧院,电影院,登良路26号来福士广场4层L4-9号,广东省,深圳市,南山区,113.9207531,22.51470823
创客影吧,体育休闲服务,影剧院,电影院,南商路105号附近,广东省,深圳市,南山区,113.9237704,22.51688776
中影百汇国际影城(南山店),体育休闲服务,影剧院,电影院,创业路亿利达大厦A区1层,广东省,深圳市,南山区,113.9174708,22.5207243
保利国际影城(文心五路店),体育休闲服务,影剧院,电影院,文心五路33号,广东省,深圳市,南山区,113.9327922,22.52035409
保利剧院,体育休闲服务,影剧院,剧场,后海滨路3013号,广东省,深圳市,南山区,113.9338661,22.5193604
海岸影城(海岸城店),体育休闲服务,影剧院,电影院,文心五路33号海岸城3层301号,广东省,深圳市,南山区,113.9306572,22.52003039
保利国际影城激光巨幕厅,体育休闲服务,影剧院,电影院,文心六路2号附近,广东省,深圳市,南山区,113.9335994,22.51977182
星空剧场,体育休闲服务,影剧院,剧场,福强路3008号石厦戏剧主题馆,广东省,深圳市,福田区,114.0464519,22.51993446
表演场,体育休闲服务,影剧院,剧场,月亮湾青青街1号青青世界内,广东省,深圳市,南山区,113.8951963,22.50089499
MCL洲立影城,体育休闲服务,影剧院,电影院,南海大道1090号花园城中心5层,广东省,深圳市,南山区,113.9184705,22.50562873
南油影剧院,体育休闲服务,影剧院,电影院,南油文化广场2层,广东省,深圳市,南山区,113.9238968,22.5089698
华影信和影城,体育休闲服务,影剧院,电影院,南海大道2088号信和购物广场4层,广东省,深圳市,南山区,113.9201456,22.50948099
洲立影城(CITY花园城南区),体育休闲服务,影剧院,电影院,南海大道1090号CITY花园城南区F5层,广东省,深圳市,南山区,113.9180188,22.50373118
华谊兄弟影院(深圳店),体育休闲服务,影剧院,电影院,深圳湾中心路宝能太古城北区B1层B132,广东省,深圳市,南山区,113.9341698,22.50358026
纵横国际影城(深圳湾店),体育休闲服务,影剧院,电影院,中心路3019号天虹大厦6-7层,广东省,深圳市,南山区,113.9360234,22.50985905
深圳湾公园日出剧场,体育休闲服务,影剧院,剧场,望海路深圳湾公园c2区,广东省,深圳市,南山区,113.9484388,22.5021799
深圳泛海国际影城,体育休闲服务,影剧院,电影院,前海路泛海城市广场1栋227号,广东省,深圳市,南山区,113.8874621,22.49695612
雅图影院(蛇口店),体育休闲服务,影剧院,电影院,蛇口新街119号水晶阁娱乐城,广东省,深圳市,南山区,113.9241128,22.49100166
风华大剧院,体育休闲服务,影剧院,剧场,蛇口公园路49号(近四海公园),广东省,深圳市,南山区,113.9195925,22.49958469
蛇口影剧院,体育休闲服务,影剧院,电影院,新街路110号,广东省,深圳市,南山区,113.9242977,22.49111944
星趴影院(海上世界店),体育休闲服务,影剧院,电影院,招商街道蛇口海上世界A区3层,广东省,深圳市,南山区,113.9113648,22.48676447
卢米埃影城(汇港imax店),体育休闲服务,影剧院,电影院,工业三路1号招商港口大厦商业裙楼汇港3层,广东省,深圳市,南山区,113.9109156,22.48887377
艾尚私人影院(蛇口意库店),体育休闲服务,影剧院,电影院,蛇口南海意库6栋111室,广东省,深圳市,南山区,113.9136244,22.49060293
